{
  "swagger" : "2.0",
  "info" : {
    "version" : "1.0",
    "title" : "customer info REST service.",
    "description" : "customer info REST service."
  },
  "host" : "localhost:8080",
  "basePath" : "/",
  "schemes" : [ "http" ],
  "paths" : {
    "/cif" : {
      "post" : {
        "summary" : "",
        "description" : "",
        "operationId" : "post-cif",
        "consumes" : [ "application/json" ],
        "produces" : [ "application/json" ],
        "parameters" : [ {
          "name" : "body",
          "in" : "body",
          "description" : "",
          "type" : "string",
          "required" : true
        } ],
        "responses" : {
          "200" : {
            "description" : "a Accounts to be returned",
            "schema" : {
              "$ref" : "#/definitions/Accounts"
            }
          }
        }
      },
      "get" : {
        "summary" : "",
        "description" : "",
        "operationId" : "get-cif",
        "consumes" : [ "application/json" ],
        "produces" : [ "application/json" ],
        "parameters" : [ {
          "name" : "AccountID",
          "in" : "query",
          "description" : "",
          "type" : "string",
          "required" : false
        } ],
        "responses" : {
          "200" : {
            "description" : "a Accounts to be returned",
            "schema" : {
              "$ref" : "#/definitions/Accounts"
            }
          }
        }
      }
    },
    "/initaccount" : {
      "get" : {
        "summary" : "",
        "description" : "",
        "operationId" : "get-initaccount",
        "consumes" : [ "application/json" ],
        "produces" : [ "application/json" ],
        "parameters" : [ ],
        "responses" : {
          "200" : {
            "description" : "a Status to be returned",
            "schema" : {
              "$ref" : "#/definitions/Status"
            }
          }
        }
      }
    }
  },
  "definitions" : {
    "Status" : {
      "type" : "object",
      "required" : [ "Message", "Code" ],
      "properties" : {
        "Code" : {
          "type" : "string"
        },
        "Message" : {
          "type" : "string"
        }
      }
    },
    "Account" : {
      "type" : "object",
      "required" : [ "Balance", "AccID" ],
      "properties" : {
        "AccID" : {
          "type" : "string"
        },
        "Balance" : {
          "type" : "integer"
        }
      }
    },
    "Accounts" : {
      "type" : "object",
      "properties" : {
        "Account" : {
          "type" : "array",
          "items" : {
            "$ref" : "#/definitions/Account",
            "uniqueItems" : false
          }
        }
      }
    }
  }
}