{
  "swagger" : "2.0",
  "info" : {
    "version" : "1.0",
    "title" : "Summary about the new REST service.",
    "description" : "Summary about the new REST service."
  },
  "host" : "localhost:8080",
  "basePath" : "/",
  "schemes" : [ "http" ],
  "paths" : {
    "/batchstocksettlement" : {
      "post" : {
        "summary" : "",
        "description" : "",
        "operationId" : "post-batchstocksettlement",
        "consumes" : [ "application/json" ],
        "produces" : [ "application/json" ],
        "parameters" : [ {
          "name" : "body",
          "in" : "body",
          "description" : "",
          "schema" : {
            "$ref" : "#/definitions/Request"
          },
          "required" : true
        } ],
        "responses" : {
          "200" : {
            "description" : "a Response to be returned",
            "schema" : {
              "$ref" : "#/definitions/Response"
            }
          }
        }
      }
    }
  },
  "definitions" : {
    "Response" : {
      "type" : "object",
      "required" : [ "code" ],
      "properties" : {
        "code" : {
          "type" : "string"
        },
        "message" : {
          "type" : "string"
        },
        "data" : {
          "type" : "string"
        }
      }
    },
    "Request" : {
      "type" : "object",
      "required" : [ "filepath", "source" ],
      "properties" : {
        "source" : {
          "type" : "string"
        },
        "filepath" : {
          "type" : "string"
        }
      }
    }
  }
}