{"records": [
    {
        "jsonSchemaLocation": "/FCBPOC/Service Descriptors/com.tibco.ce.test.test-test.json",
        "conversionType": "generated",
        "xsdSchemaTargetNamespace": "/T1565853829117Converted/JsonSchema"
    },
    {
        "jsonSchemaLocation": "/FCBPOC/Service Descriptors/fcbpoc.RestServices.batchStockSettlement-batchStockSettlement.json",
        "conversionType": "linked",
        "xsdSchemaTargetNamespace": "http://www.example.com/namespaces/tns/1566811645918"
    }
]}