<?xml version="1.0" encoding="UTF-8"?>
<packaging:packageUnit xmlns:httpconnector="http://xsd.tns.tibco.com/bw/models/sharedresource/httpconnector" xmlns:packaging="http://schemas.tibco.com/tra/model/core/PackagingModel" xmlns:xsd="http://www.w3.org/2001/XMLSchema">
  <packaging:description></packaging:description>
  <packaging:properties>
    <packaging:property>
      <packaging:name>//FCBPOC//BW.APPNODE.NAME</packaging:name>
      <packaging:type>xsd:string</packaging:type>
      <packaging:visibility>private</packaging:visibility>
      <packaging:scalable>true</packaging:scalable>
      <packaging:overrideValue>false</packaging:overrideValue>
    </packaging:property>
    <packaging:property>
      <packaging:name>//FCBPOC//BW.DEPLOYMENTUNIT.NAME</packaging:name>
      <packaging:type>xsd:string</packaging:type>
      <packaging:visibility>private</packaging:visibility>
      <packaging:scalable>true</packaging:scalable>
      <packaging:overrideValue>false</packaging:overrideValue>
    </packaging:property>
    <packaging:property>
      <packaging:name>//FCBPOC//BW.HOST.NAME</packaging:name>
      <packaging:type>xsd:string</packaging:type>
      <packaging:visibility>private</packaging:visibility>
      <packaging:scalable>true</packaging:scalable>
      <packaging:overrideValue>false</packaging:overrideValue>
    </packaging:property>
    <packaging:property>
      <packaging:name>//FCBPOC//BW.DEPLOYMENTUNIT.VERSION</packaging:name>
      <packaging:type>xsd:string</packaging:type>
      <packaging:visibility>private</packaging:visibility>
      <packaging:scalable>true</packaging:scalable>
      <packaging:overrideValue>false</packaging:overrideValue>
    </packaging:property>
    <packaging:property>
      <packaging:name>//FCBPOC//BW.MODULE.VERSION</packaging:name>
      <packaging:type>xsd:string</packaging:type>
      <packaging:visibility>private</packaging:visibility>
      <packaging:scalable>true</packaging:scalable>
      <packaging:overrideValue>false</packaging:overrideValue>
    </packaging:property>
    <packaging:property>
      <packaging:name>//FCBPOC//BW.CLOUD.PORT</packaging:name>
      <packaging:type>xsd:int</packaging:type>
      <packaging:visibility>private</packaging:visibility>
      <packaging:scalable>true</packaging:scalable>
      <packaging:overrideValue>false</packaging:overrideValue>
    </packaging:property>
    <packaging:property>
      <packaging:name>//FCBPOC//BW.MODULE.NAME</packaging:name>
      <packaging:type>xsd:string</packaging:type>
      <packaging:visibility>private</packaging:visibility>
      <packaging:scalable>true</packaging:scalable>
      <packaging:overrideValue>false</packaging:overrideValue>
    </packaging:property>
    <packaging:property>
      <packaging:name>//FCBPOC//HTTPPort</packaging:name>
      <packaging:type>xsd:int</packaging:type>
      <packaging:visibility>public</packaging:visibility>
      <packaging:scalable>true</packaging:scalable>
      <packaging:overrideValue>false</packaging:overrideValue>
    </packaging:property>
    <packaging:property>
      <packaging:name>//FCBPOC//BackendHost</packaging:name>
      <packaging:type>xsd:string</packaging:type>
      <packaging:visibility>public</packaging:visibility>
      <packaging:scalable>true</packaging:scalable>
      <packaging:overrideValue>false</packaging:overrideValue>
    </packaging:property>
    <packaging:property>
      <packaging:name>//FCBPOC//BackendPort</packaging:name>
      <packaging:type>xsd:int</packaging:type>
      <packaging:visibility>public</packaging:visibility>
      <packaging:scalable>true</packaging:scalable>
      <packaging:overrideValue>false</packaging:overrideValue>
    </packaging:property>
    <packaging:property>
      <packaging:name>//FCBPOC//FTPPort</packaging:name>
      <packaging:type>xsd:int</packaging:type>
      <packaging:visibility>public</packaging:visibility>
      <packaging:scalable>true</packaging:scalable>
      <packaging:overrideValue>false</packaging:overrideValue>
    </packaging:property>
    <packaging:property>
      <packaging:name>//FCBPOC//FTPHost</packaging:name>
      <packaging:type>xsd:string</packaging:type>
      <packaging:visibility>public</packaging:visibility>
      <packaging:scalable>true</packaging:scalable>
      <packaging:overrideValue>false</packaging:overrideValue>
    </packaging:property>
  </packaging:properties>
  <packaging:modules>
    <packaging:module>
      <packaging:symbolicName>FCBPOC</packaging:symbolicName>
      <packaging:technologyType>osgi-bundle,bw-appmodule</packaging:technologyType>
      <packaging:technologyVersion>1.0.0.qualifier</packaging:technologyVersion>
    </packaging:module>
  </packaging:modules>
</packaging:packageUnit>